video_id,views,likes,comments_count,duration_seconds,days_since_publish,views_per_day,title_len,desc_len,title_sentiment,desc_sentiment,mean_toxicity,pct_toxic_comments,viral_label
zS2g9PCWc9k,0,0,0,187.0,1,0.0,96,2249,0.0,0.19545454545454544,0.0,0.0,0
F3IP6Zyk4PY,0,0,0,195.0,1,0.0,88,2018,0.0,0.16041666666666668,0.0,0.0,0
Bh-H1NOk44o,0,0,0,194.0,1,0.0,72,2179,0.0,0.1715909090909091,0.0,0.0,0
mMvC2-v_Fzo,0,0,0,193.0,1,0.0,72,2122,0.6,0.11203703703703703,0.0,0.0,0
OaXeBoAfksE,0,0,0,241.0,1,0.0,69,2255,0.55,0.15297619047619046,0.0,0.0,0
bXclwnuGDQw,0,0,0,197.0,1,0.0,70,2289,0.0,0.066,0.0,0.0,0
QgTYcqJM11s,0,0,0,209.0,1,0.0,93,2231,0.0,0.06175925925925926,0.0,0.0,0
uCgjXMHPqfM,0,0,0,199.0,1,0.0,96,2066,0.5,0.06630434782608696,0.0,0.0,0
7rvXP8wCmzw,0,0,0,173.0,1,0.0,99,2164,0.0,0.036311389759665635,0.0,0.0,0
XY8BMJKPFIY,9,0,0,185.0,1,9.0,67,1561,0.0,0.07272727272727274,0.0,0.0,0
6ELgkc4_qMU,334,17,0,330.0,1,334.0,100,1119,0.0,0.20555555555555557,0.0,0.0,0
OMMrYtH3R_Y,0,0,0,164.0,1,0.0,91,2139,0.2,0.13229166666666664,0.0,0.0,0
D-3H_mRte8o,6437,324,2,16.0,1,6437.0,67,525,0.0,0.2,0.20195828,0.0,1
tx38zK3ZukY,0,0,0,245.0,1,0.0,69,2150,1.0,0.2,0.0,0.0,0
RBpZtZmBMG4,2,0,0,92.0,1,2.0,95,206,0.0,0.5,0.0,0.0,0
SIyTpBNbKAo,7834,246,0,29697.0,1,7834.0,96,3370,0.35,0.11645454545454542,0.0,0.0,1
ea-6VpBJ2Lg,1,1,0,116.0,1,1.0,80,661,0.0,-0.003472222222222221,0.0,0.0,0
fXhcSoKm_rg,1,1,0,122.0,1,1.0,90,547,0.0,0.13086419753086417,0.0,0.0,0
uB6X70NIuBc,1,1,0,94.0,1,1.0,100,622,0.0,0.19583333333333333,0.0,0.0,0
1XfRjLOYcOg,1,1,0,111.0,1,1.0,97,711,0.0,0.16649659863945576,0.0,0.0,0
WwSnOmUqwZM,1,1,0,144.0,1,1.0,85,634,0.0,0.1229978354978355,0.0,0.0,0
7UyiK-serds,0,1,0,139.0,1,0.0,89,630,0.0,0.23787878787878786,0.0,0.0,0
4RVwK3Iq9GM,1,1,0,121.0,1,1.0,91,504,0.0,0.23666666666666666,0.0,0.0,0
p-wZtZUMMag,5,1,0,162.0,1,5.0,96,676,0.0,0.23995098039215687,0.0,0.0,0
beu_15GWUrs,4855,172,0,35491.0,1,4855.0,100,4330,0.0875,0.2273809523809524,0.0,0.0,1
axCBVOTje3I,303,0,0,60.0,1,303.0,85,0,0.0,0.0,0.0,0.0,0
7wjOCx6sLV4,1006,3,0,10.0,1,1006.0,100,0,0.0,0.0,0.0,0.0,1
SEqiaRBiP8U,6,0,0,2561.0,1,6.0,82,1395,0.1,0.5787037037037037,0.0,0.0,0
zzJJc81PFuU,120,3,0,42.0,1,120.0,93,466,0.0,-0.125,0.0,0.0,0
Ip5JvbDF1q0,458,21,1,3726.0,1,458.0,65,937,0.0,0.13636363636363635,0.012440401,0.0,0
ZZ79nLSAekU,247,4,0,33.0,2,123.5,58,379,0.0,0.040624999999999994,0.0,0.0,0
jc-5dy3Zi_0,1071,45,1,29030.0,2,535.5,96,3370,0.35,0.11645454545454542,0.05304765,0.0,0
R-QYxycfebU,3,0,0,297.0,2,1.5,91,1410,0.0,-0.043650793650793655,0.0,0.0,0
JUIVsYUwbYk,32,4,0,319.0,2,16.0,73,918,0.0,0.13749999999999998,0.0,0.0,0
zePyxXeELsk,2290,82,1,41604.0,2,1145.0,92,4849,0.35,0.1928030303030303,0.077668175,0.0,1
Oi8tI_d62fo,73,1,2,61.0,2,36.5,44,1758,-0.1,0.2525974025974026,0.3234372,0.0,0
94LSE91kHn0,16549,522,86,42290.0,2,8274.5,92,4798,0.35,0.1928030303030303,0.029176458186666664,0.0,1
oIyEm4esSU0,34,5,0,808.0,3,11.333333333333334,92,401,-0.2,0.5,0.0,0.0,0
yvaXTVednUI,147,8,2,3949.0,3,49.0,96,4988,0.1,0.006896551724137933,0.02449606,0.0,0
YHYOniLJqjc,318,20,4,7855.0,3,106.0,93,339,0.13636363636363635,0.0,0.020721214333333335,0.0,0
P2dVUCYzRxY,2382,100,2,1171.0,3,794.0,92,4048,0.0,0.14589442815249268,0.00837213865,0.0,0
0cYbHhlM88M,157,5,1,5988.0,3,52.333333333333336,77,1942,0.35,0.30725623582766437,0.016712861,0.0,0
zmGu8iWAUnk,111,4,0,301.0,3,37.0,73,1727,0.41875,0.3434561128526647,0.0,0.0,0
B3i0LYiJ-x8,135,4,1,2633.0,3,45.0,95,2292,0.0,0.45595238095238094,0.009613037,0.0,0
EhYjEFGc1rk,651,8,0,9070.0,3,217.0,41,41,0.0,0.0,0.0,0.0,0
gpmKt7WXU4M,3,0,0,169.0,3,1.0,97,1685,0.0,0.2148251748251748,0.0,0.0,0
b44WQrT34TM,32973,1898,0,17.0,3,10991.0,93,464,0.0,0.5444444444444444,0.0,0.0,1
dUnIkiErdaE,34,6,0,1178.0,3,11.333333333333334,100,882,0.0,0.2714285714285714,0.0,0.0,0
BkjW-u0hkf4,129,0,0,906.0,3,43.0,97,804,0.0,0.0,0.0,0.0,0
pPXBhxBAO_Q,150,10,3,500.0,3,50.0,100,3556,0.0,0.22005208333333334,0.014395898,0.0,0
BkjW-u0hkf4,129,0,0,906.0,3,43.0,97,804,0.0,0.0,0.0,0.0,0
pPXBhxBAO_Q,150,10,3,500.0,3,50.0,100,3556,0.0,0.22005208333333334,0.014395898,0.0,0
8ninQHhkzPY,2046,10,0,10.0,3,682.0,69,662,0.41666666666666663,0.543939393939394,0.0,0.0,0
m-MEf2fTXig,61,2,0,562.0,3,20.333333333333332,85,0,0.35,0.0,0.0,0.0,0
GfVI5StKvCw,3906,23,15,351.0,4,976.5,98,3447,0.39375,0.3181277056277056,0.045107129272727274,0.0,0
Gn34bNpbVUE,889,9,6,242.0,4,222.25,98,1449,0.17767857142857144,0.134375,0.0163358795,0.0,0
clV7iW9rjGA,34759,60,0,6.0,4,8689.75,95,0,0.6000000000000001,0.0,0.0,0.0,1
B7M7ba5zt54,673,4,0,26.0,4,168.25,100,0,0.0,0.0,0.0,0.0,0
mGJ6OZmR-Xk,2848,179,8,1143.0,4,712.0,59,921,0.0,0.016666666666666666,0.10212992983333334,0.0,0
bs-vuK_IbQ4,55,0,0,61.0,4,13.75,81,0,0.0,0.0,0.0,0.0,0
a7tOz4q2kK8,373,21,0,6460.0,4,93.25,56,1757,0.0,0.13852813852813853,0.0,0.0,0
wSt8cgSrVTo,743,25,0,1425.0,4,185.75,87,4134,0.35,0.11597222222222221,0.0,0.0,0
vTR20MS9ccc,53,6,0,831.0,4,13.25,88,2578,0.0,-0.11388888888888889,0.0,0.0,0
dcxkglZcbno,19,4,0,288.0,4,4.75,69,1057,0.0,0.275,0.0,0.0,0
Hs-PclEyN3Q,139,3,1,2094.0,4,34.75,97,2017,0.0,0.3095238095238095,0.2854937,0.0,0
MXtU_653Ags,789,83,16,2860.0,4,197.25,71,1629,0.0,-0.6,0.011306240381818182,0.0,0
JX4du-dOvCE,138,8,5,379.0,4,34.5,44,986,0.0,0.045,0.0136135474,0.0,0
qv9jV4hg0S0,2322,91,1,33415.0,4,580.5,100,4158,-0.2833333333333333,0.06501855287569573,0.023199737,0.0,0
Pr95Y3fW2CA,2025,30,0,90.0,4,506.25,97,0,0.0,0.0,0.0,0.0,0
4DgZw8wd-AI,242,16,3,877.0,4,60.5,47,1649,0.0,0.263235294117647,0.0299343505,0.0,0
_1g3mDm6dJk,2287,32,5,443.0,4,571.75,64,1205,0.0,0.06666666666666667,0.0213514628,0.0,0
ooWNE5bmwQ4,275,6,1,71.0,4,68.75,56,2215,-0.35,-0.037894570707070696,0.01834645,0.0,0
G-EAgvaBvag,591,29,10,308.0,4,147.75,96,4204,0.5,0.21867897727272725,0.0199547614,0.0,0
LmPz1BWLCAw,12065,347,3,53.0,4,3016.25,94,703,0.4375,0.5333333333333333,0.0241527455,0.0,1
gj_ew1aahXI,199,8,6,3999.0,4,49.75,100,1426,0.0,0.46749999999999997,0.00941669265,0.0,0
mJ1QK12veWE,1414,48,0,6081.0,4,353.5,47,582,0.0,0.5340909090909091,0.0,0.0,0
8qJBfgQKFeg,322,4,1,36.0,4,80.5,98,575,0.0,0.3666666666666667,0.0068170885,0.0,0
eH_J-NOsrnw,853,13,0,54.0,5,170.6,61,825,0.0,0.19583333333333336,0.0,0.0,0
q9MzXVh7Mic,73,3,0,279.0,5,14.6,84,621,0.0,0.22083333333333333,0.0,0.0,0
BLczJotfVU4,6403,63,0,23.0,5,1280.6,51,237,0.0,0.0,0.0,0.0,1
Bd1xJJUXUG0,530,27,1,659.0,5,106.0,70,1154,0.0,0.275,0.012126249,0.0,0
Q0rhAJ4bZmE,3647,156,3,3485.0,5,729.4,93,4925,0.0,0.12751623376623375,0.0090632718,0.0,0
CKI7OzT3ZqU,279,33,10,841.0,5,55.8,52,1073,0.0,0.16624149659863946,0.0133828555,0.0,0
cKebFn3cr4E,132,20,14,641.0,5,26.4,63,1216,0.0,0.09773982056590752,0.09080694025,0.0,0
fvvGsUQ2sVo,192,12,6,414.0,5,38.4,95,1708,0.4,0.38571428571428573,0.00885907325,0.0,0
5h5-CHpSWPg,1656,36,14,59.0,5,331.2,75,70,0.25,0.0,0.0197960435,0.0,0
7CW97ZlkDa8,2062,43,6,51.0,5,412.4,76,135,0.0,0.025,0.0103670005,0.0,0
04mKbqTvo6s,850,5,0,30.0,5,170.0,68,190,0.7166666666666667,0.48888888888888893,0.0,0.0,0
M6hv51Fna6M,4548,260,1,97.0,5,909.6,71,1121,0.0,0.4875,0.04315203,0.0,0
10i_baVQIL8,631,7,0,32.0,5,126.2,93,0,0.0,0.0,0.0,0.0,0
lpCNtWB14KQ,388,5,5,40.0,5,77.6,37,611,0.0,0.0,0.019168378666666666,0.0,0
tfKdgS_1XqU,353229,6019,65,74.0,5,70645.8,100,0,0.5,0.0,0.07420853300000001,0.0,1
d_HkdGdzXDw,601,6,0,43.0,5,120.2,42,210,-0.1,0.0,0.0,0.0,0
YW9sb5Q5hMM,1621,45,4,174.0,6,270.1666666666667,70,1093,-0.15555555555555556,0.1861111111111111,0.028955002333333337,0.0,0
4D56wFH99Z0,340,0,2,31.0,6,56.666666666666664,96,102,0.0,0.0,0.012047711499999999,0.0,0
x_XXwr6yGSk,1039,40,3,40.0,6,173.16666666666666,96,0,0.0,0.0,0.080442747,0.0,0
5smmnuuHzwM,1841,80,2,6116.0,6,306.8333333333333,47,456,0.0,0.0,0.0125974765,0.0,0
ulsD1CMgPdc,295,5,0,36.0,6,49.166666666666664,57,360,0.0,0.29930555555555555,0.0,0.0,0
LA1_vBXOIiQ,542,28,12,5176.0,6,90.33333333333333,47,1487,0.1,0.31953125,0.120106457125,0.0,0
fmxmNwAB0_Y,4164,159,13,599.0,6,694.0,65,3557,0.13636363636363635,0.0906060606060606,0.017300868958333333,0.0,0
92dmtg33ScA,67,0,0,39.0,7,9.571428571428571,49,210,0.0,0.0,0.0,0.0,0
qT1sjkTi1lk,55,8,2,1416.0,7,7.857142857142857,96,1600,0.0,0.259375,0.016304465,0.0,0
DcYTfdF2QKw,405,21,11,693.0,7,57.857142857142854,96,3021,0.0,0.14749999999999996,0.0636962055,0.0,0
YuYWtXbRO4A,8,0,0,1445.0,7,1.1428571428571428,79,786,0.0,0.48125,0.0,0.0,0
7F1IYr3GndA,138,1,0,63.0,7,19.714285714285715,96,583,0.0,0.0,0.0,0.0,0
FhnMrrnxe8c,153,4,1,523.0,7,21.857142857142858,96,3303,-0.3,0.11588541666666667,0.030859824,0.0,0
GH30bXWDU-I,1144,38,0,72.0,8,143.0,89,764,0.0,0.38333333333333336,0.0,0.0,0
QnzZNKueUmo,12784,386,2,41986.0,8,1598.0,95,4927,0.35,0.18188184364654952,0.011058134,0.0,1
jQ1Yt9nHz7Y,28864,814,10,40530.0,8,3608.0,83,2407,0.35,0.29917355371900833,0.031236555187499997,0.0,1
HaUe2AN210g,21480,805,32,20183.0,8,2685.0,93,1473,0.0,0.19785714285714287,0.030937501154545455,0.0,1
1zfMy0x4Y2o,91,5,1,1867.0,8,11.375,93,1385,0.0,0.2619047619047619,0.032863233,0.0,0
dOT4qwMhl8M,468,16,3,60.0,8,58.5,93,0,0.2777777777777778,0.0,0.011979645666666669,0.0,0
4eqQIuEqniw,221,0,0,173.0,8,27.625,99,1056,0.25,0.08888888888888889,0.0,0.0,0
uDwa-OOy43k,1452,29,5,2991.0,8,181.5,95,3937,0.0,0.1699576648841355,0.022492651500000002,0.0,0
fL1yimLlXdQ,52,1,0,372.0,8,6.5,86,1734,0.0,0.06944444444444445,0.0,0.0,0
fJu-Y1un5T4,8062,146,5,74.0,8,1007.75,59,683,0.4,0.41111111111111115,0.064344441625,0.0,1
EgXjqGILfAI,1242,14,0,38.0,8,155.25,100,913,0.0,0.18506944444444443,0.0,0.0,0
zWJRViKDWpc,46667,1915,178,326.0,8,5833.375,68,1396,0.0,0.39999999999999997,0.02807943515,0.0,1
Qf2bSmJxrow,164,6,0,60.0,8,20.5,60,0,0.0,0.0,0.0,0.0,0
d68od2a6eYo,59,0,0,38.0,9,6.555555555555555,49,210,0.0,0.0,0.0,0.0,0
ppYbY-LbqiI,77521,1204,18,42896.0,9,8613.444444444445,50,3138,0.375,0.11196969696969697,0.03206467609090909,0.0,1
tcs_A5EeA1k,428,0,0,180.0,9,47.55555555555556,97,327,0.0,-0.3,0.0,0.0,0
dLHtc7KyqyY,34,1,4,39.0,9,3.7777777777777777,20,0,0.0,0.0,0.010618322,0.0,0
6RxJFspDDGw,142,4,0,3555.0,9,15.777777777777779,99,2151,0.0,0.3508333333333333,0.0,0.0,0
3VZYQyp8ja4,3,0,0,322.0,9,0.3333333333333333,77,747,0.0,0.32,0.0,0.0,0
yMJz7urUAG0,105,0,0,38.0,9,11.666666666666666,44,210,-0.1,0.0,0.0,0.0,0
6C7vzapDbz4,1678,42,0,10.0,9,186.44444444444446,83,1694,0.0,0.06607142857142857,0.0,0.0,0
VsjhpUuOKn0,4328,185,3,42484.0,9,480.8888888888889,99,4144,0.0875,0.00670163170163171,0.0143954913,0.0,0
q-nDy4RP1Ws,58,0,0,39.0,9,6.444444444444445,95,705,0.0,0.1606122448979592,0.0,0.0,0
pnYyeD9kXJM,5,0,0,39.0,9,0.5555555555555556,91,715,0.0,0.29124999999999995,0.0,0.0,0
qVOPbtScRzU,461,2,0,34.0,10,46.1,86,0,0.21428571428571427,0.0,0.0,0.0,0
0CYA8BbGzR8,481613,0,153,30.0,10,48161.3,26,0,0.0,0.0,0.043331084799999996,0.0,1
znO5L3_WsQY,563,6,0,180.0,10,56.3,86,0,0.0,0.0,0.0,0.0,0
Z_c4byLrNBU,85634,4281,86,4503.0,10,8563.4,72,1752,0.0,0.14944444444444444,0.04002917121333333,0.0,1
pgWY2hhU3xk,146,5,4,1806.0,10,14.6,94,2034,-0.3,-0.05490196078431374,0.0171840885,0.0,0
M0aqrOT0u38,114,1,0,15.0,10,11.4,98,982,0.0,0.21694444444444447,0.0,0.0,0
GZtu6kY4XRI,17,0,0,247.0,10,1.7,77,1521,-0.025000000000000022,0.33938492063492065,0.0,0.0,0
O735VYTab54,292,2,5,26.0,10,29.2,62,0,0.0,0.0,0.041172907,0.0,0
Ty1U640G0Uk,2401,145,47,53.0,10,240.1,99,0,0.0,0.0,0.016895456465517242,0.0,0
DuLzdUcG238,120,0,0,159.0,10,12.0,63,441,0.0,0.1625,0.0,0.0,0
WTt9dZPaNt0,1,0,0,40.0,11,0.09090909090909091,100,741,0.0,0.13993055555555556,0.0,0.0,0
WLRrP7yGILk,63,0,0,55.0,11,5.7272727272727275,98,257,0.0,0.0,0.0,0.0,0
iaxsJaZcSaA,131,8,3,135.0,11,11.909090909090908,78,567,0.0,0.4,0.027913637,0.0,0
hGBOdazUX-s,334,2,0,42.0,11,30.363636363636363,98,0,0.0,0.0,0.0,0.0,0
RvShepes2aM,130,8,1,1610.0,11,11.818181818181818,99,1990,-0.15,-0.07067901234567903,0.017341165,0.0,0
FF5nr8B6D8I,44,8,2,992.0,11,4.0,63,1304,0.0,0.31309523809523804,0.053295042,0.0,0
KCEw9Vfp0MA,389,14,0,895.0,11,35.36363636363637,72,1304,0.0,0.31309523809523804,0.0,0.0,0
cEW6-Kovf4E,4,0,1,285.0,11,0.36363636363636365,95,2230,0.0,0.090109388053467,0.030977672,0.0,0
9qDGDAlKz9o,92,1,0,51.0,11,8.363636363636363,99,985,0.0,0.2435185185185185,0.0,0.0,0
tDKxFkum4XQ,137,2,0,39.0,12,11.416666666666666,47,1391,0.0,0.10185185185185186,0.0,0.0,0
4oTAyw1uVFc,126,1,0,2073.0,7,18.0,59,2248,0.4,0.056336088154269985,0.0,0.0,0
2WuMDsoCBFQ,6406,78,6,31.0,7,915.1428571428571,98,0,0.0,0.0,0.0200960585,0.0,0
FhnMrrnxe8c,153,4,1,523.0,7,21.857142857142858,96,3303,-0.3,0.11588541666666667,0.030859824,0.0,0
DoK9SOWrgis,3,0,0,63.0,7,0.42857142857142855,98,1117,0.0,0.24761904761904763,0.0,0.0,0
hkAJ69-fTy4,3,0,0,68.0,8,0.375,98,1161,0.0,0.05722222222222222,0.0,0.0,0
GH30bXWDU-I,1144,38,0,72.0,8,143.0,89,764,0.0,0.38333333333333336,0.0,0.0,0
Grsy567bGiM,2,0,0,45.0,8,0.25,93,711,0.0,0.1525,0.0,0.0,0
QnzZNKueUmo,12784,386,2,41986.0,8,1598.0,95,4927,0.35,0.18188184364654952,0.011058134,0.0,1
jQ1Yt9nHz7Y,28864,814,10,40530.0,8,3608.0,83,2407,0.35,0.29917355371900833,0.031236555187499997,0.0,1
HaUe2AN210g,21480,805,32,20183.0,8,2685.0,93,1473,0.0,0.19785714285714287,0.030937501154545455,0.0,1
1zfMy0x4Y2o,91,5,1,1867.0,8,11.375,93,1385,0.0,0.2619047619047619,0.032863233,0.0,0
J8XFvVFVWa8,13,3,0,88.0,8,1.625,56,0,0.0,0.0,0.0,0.0,0
dOT4qwMhl8M,468,16,3,60.0,8,58.5,93,0,0.2777777777777778,0.0,0.011979645666666669,0.0,0
4eqQIuEqniw,221,0,0,173.0,8,27.625,99,1056,0.25,0.08888888888888889,0.0,0.0,0
uDwa-OOy43k,1452,29,5,2991.0,8,181.5,95,3937,0.0,0.1699576648841355,0.022492651500000002,0.0,0
kUOg48MoV00,1026,0,1,48.0,8,128.25,46,721,0.0,-0.015972222222222224,0.011812098,0.0,0
fL1yimLlXdQ,52,1,0,372.0,8,6.5,86,1734,0.0,0.06944444444444445,0.0,0.0,0
fJu-Y1un5T4,8062,146,5,74.0,8,1007.75,59,683,0.4,0.41111111111111115,0.064344441625,0.0,1
jkxnKN_WtiU,238,14,1,105.0,8,29.75,58,627,0.0,0.1965909090909091,0.2854835,0.0,0
EgXjqGILfAI,1242,14,0,38.0,8,155.25,100,913,0.0,0.18506944444444443,0.0,0.0,0
TqEd42yqFVk,2,0,0,22.0,8,0.25,84,984,0.0,0.373051948051948,0.0,0.0,0
6hFBlCLbvkU,14,1,0,4775.0,8,1.75,48,25,0.0,0.0,0.0,0.0,0
zWJRViKDWpc,46671,1915,178,326.0,8,5833.875,68,1396,0.0,0.39999999999999997,0.02807943515,0.0,1
RTl1ucj3LoI,4,1,0,717.0,8,0.5,50,499,0.0,0.2638888888888889,0.0,0.0,0
NWPXr4AAItg,12,0,0,354.0,8,1.5,95,1099,-0.3,-0.6,0.0,0.0,0
u8ad0V8ZRBw,33,0,0,1243.0,8,4.125,61,1449,0.45,0.27451105442176876,0.0,0.0,0
6twRqyP89l8,53,0,0,35.0,8,6.625,95,659,0.0,0.1375,0.0,0.0,0
xYe7NdBIxFk,46,0,0,39.0,8,5.75,90,722,0.0,0.25833333333333336,0.0,0.0,0
i1NDLkjKwX0,59,1,0,47.0,8,7.375,91,818,0.0,0.18888888888888888,0.0,0.0,0
iNysKsAwomI,2,0,0,45.0,8,0.25,94,878,0.0,0.18020833333333333,0.0,0.0,0
w_hqQCVuwkE,101,2,0,47.0,8,12.625,98,786,1.0,0.23213636363636364,0.0,0.0,0
FsfNKcaAVz0,53,0,0,47.0,8,6.625,94,810,0.0,0.11666666666666665,0.0,0.0,0
f1lzLBAXyMU,10,0,0,149.0,8,1.25,19,461,0.0,0.3888888888888889,0.0,0.0,0
iCzf4z02bHQ,1,0,0,41.0,8,0.125,98,713,0.0,0.21833333333333335,0.0,0.0,0
tiRYuV4uzY4,0,0,0,41.0,8,0.0,100,759,-0.15,0.10725,0.0,0.0,0
Qf2bSmJxrow,164,6,0,60.0,8,20.5,60,0,0.0,0.0,0.0,0.0,0
GZvW8IwweWI,4,0,0,42.0,8,0.5,99,694,0.0,0.16875,0.0,0.0,0
S4ZTW-rB3ew,4,0,0,40.0,8,0.5,97,748,0.0,0.14492857142857146,0.0,0.0,0
4e5KUwRWMrY,2,0,0,49.0,8,0.25,99,912,0.0,0.11060606060606061,0.0,0.0,0
hV4RAoQWNYo,1,0,0,39.0,9,0.1111111111111111,96,667,0.0,0.16071428571428573,0.0,0.0,0
d68od2a6eYo,59,0,0,38.0,9,6.555555555555555,49,210,0.0,0.0,0.0,0.0,0
8WoHX-7xo_o,3,0,0,43.0,9,0.3333333333333333,100,714,0.0,0.15714285714285717,0.0,0.0,0
E_S-OC58cBQ,0,0,0,38.0,9,0.0,94,712,0.0,0.08944444444444445,0.0,0.0,0
ppYbY-LbqiI,77521,1204,18,42896.0,9,8613.444444444445,50,3138,0.375,0.11196969696969697,0.03206467609090909,0.0,1
Q2Y3_EaGU3A,9,0,0,2539.0,9,1.0,82,895,0.0,0.275,0.0,0.0,0
H8vmqhmutp0,836,1,2,56.0,9,92.88888888888889,82,508,0.0,0.32222222222222224,0.0068799187,0.0,0
U-cUwcCkUvU,1395,18,0,47.0,9,155.0,90,0,0.13636363636363635,0.0,0.0,0.0,0
tcs_A5EeA1k,428,0,0,180.0,9,47.55555555555556,97,327,0.0,-0.3,0.0,0.0,0
sqhRSLdVyvI,138,8,2,730.0,9,15.333333333333334,87,2314,0.0,0.3,0.09958932,0.0,0
dLHtc7KyqyY,34,1,4,39.0,9,3.7777777777777777,20,0,0.0,0.0,0.010618322,0.0,0
7wuaLanSqDs,37088,2293,309,227.0,9,4120.888888888889,23,266,0.0,0.38749999999999996,0.09494717393333334,0.03333333333333333,1
G42J2MSKyc8,21987,570,45,4264.0,9,2443.0,37,1968,0.0,0.3060606060606061,0.027415028655172414,0.0,1
6RxJFspDDGw,142,4,0,3555.0,9,15.777777777777779,99,2151,0.0,0.3508333333333333,0.0,0.0,0
zAJaCT8aHZI,530,2,0,20.0,9,58.888888888888886,66,0,0.0,0.0,0.0,0.0,0
3VZYQyp8ja4,3,0,0,322.0,9,0.3333333333333333,77,747,0.0,0.32,0.0,0.0,0
LjKz4zUm-Mc,9,2,0,6626.0,9,1.0,44,132,0.0,0.0,0.0,0.0,0
yMJz7urUAG0,105,0,0,38.0,9,11.666666666666666,44,210,-0.1,0.0,0.0,0.0,0
cK0WI13LC6I,41,5,0,35.0,9,4.555555555555555,90,356,0.625,0.1736111111111111,0.0,0.0,0
7ywB7yFrwTk,11,0,0,112.0,9,1.2222222222222223,70,2260,0.1,0.07247474747474748,0.0,0.0,0
SLxr_YyRR0A,3,1,0,4310.0,9,0.3333333333333333,64,791,-0.5,0.03928571428571427,0.0,0.0,0
a3Lb_U4kiVE,233,0,3,44.0,9,25.88888888888889,58,574,0.0,0.15625,0.017408895666666667,0.0,0
rqVNRx7sDDk,7,0,0,279.0,9,0.7777777777777778,80,1099,0.0,-0.6,0.0,0.0,0
6C7vzapDbz4,1678,42,0,10.0,9,186.44444444444446,83,1694,0.0,0.06607142857142857,0.0,0.0,0
VsjhpUuOKn0,4328,185,3,42484.0,9,480.8888888888889,99,4144,0.0875,0.00670163170163171,0.0143954913,0.0,0
Bc98atqO5mA,4,0,0,41.0,9,0.4444444444444444,94,718,0.0,0.23766233766233766,0.0,0.0,0
mBDHvi7QpKY,51,0,0,41.0,9,5.666666666666667,98,693,0.0,0.07291666666666667,0.0,0.0,0
q-nDy4RP1Ws,58,0,0,39.0,9,6.444444444444445,95,705,0.0,0.1606122448979592,0.0,0.0,0
aqfTP7slCyI,81,0,0,37.0,9,9.0,96,703,0.0,0.08979166666666667,0.0,0.0,0
TW8HUAHNHsY,66,0,0,42.0,9,7.333333333333333,100,722,0.0,0.26083333333333336,0.0,0.0,0
F9UNXXjUHoo,107,1,0,33.0,9,11.88888888888889,96,598,0.0,0.4333333333333333,0.0,0.0,0
8xH5hY1CvMY,4,0,0,38.0,9,0.4444444444444444,97,639,0.0,0.19027777777777777,0.0,0.0,0
pnYyeD9kXJM,5,0,0,39.0,9,0.5555555555555556,91,715,0.0,0.29124999999999995,0.0,0.0,0
SqN3LZ9pM-0,13,0,0,39.0,9,1.4444444444444444,100,651,0.0,-0.0005208333333333315,0.0,0.0,0
D5q6iHtuGlA,2,0,0,38.0,10,0.2,91,691,0.0,0.39999999999999997,0.0,0.0,0
RMTJee3EyxE,37171,807,6,24955.0,10,3717.1,93,4922,0.35,0.20891465677179963,0.012595699375,0.0,1
yr1MlH6hP08,4,0,0,41.0,10,0.4,97,703,0.0,0.1111111111111111,0.0,0.0,0
qVOPbtScRzU,461,2,0,34.0,10,46.1,86,0,0.21428571428571427,0.0,0.0,0.0,0
c-RawP3_i-8,1045,40,3,73.0,10,104.5,56,28,0.0,0.0,0.0170148315,0.0,0
0CYA8BbGzR8,481648,0,153,30.0,10,48164.8,26,0,0.0,0.0,0.04189922934666667,0.0,1
8Isw3CpzktQ,30,0,0,524.0,10,3.0,85,76,0.0,0.0,0.0,0.0,0
znO5L3_WsQY,563,6,0,180.0,10,56.3,86,0,0.0,0.0,0.0,0.0,0
Z_c4byLrNBU,85647,4281,86,4503.0,10,8564.7,72,1752,0.0,0.14944444444444444,0.03957165522857143,0.0,1
iidx9xwmnMU,26429,999,25,40538.0,10,2642.9,74,3062,0.375,0.24131313131313128,0.022370007814285716,0.0,1
7885blf-zcw,83,5,0,2730.0,10,8.3,81,2903,0.0,0.078125,0.0,0.0,0
_iLhs3VIMGU,1240,10,0,44.0,10,124.0,84,0,0.0,0.0,0.0,0.0,0
pgWY2hhU3xk,146,5,4,1806.0,10,14.6,94,2034,-0.3,-0.05490196078431374,0.0171840885,0.0,0
10d5CHKaH3k,150,0,0,106.0,10,15.0,98,2569,0.0,0.19727272727272727,0.0,0.0,0
7KSKXEZjFHI,2948,76,5,26481.0,10,294.8,67,4677,0.0,0.196,0.02533725575,0.0,0
M0aqrOT0u38,114,1,0,15.0,10,11.4,98,982,0.0,0.21694444444444447,0.0,0.0,0
7YAchuQ0YJE,155,4,11,43.0,10,15.5,100,1083,0.0,0.0,0.04006628975,0.0,0
cg-U4nRTT0g,230,1,0,124.0,10,23.0,97,0,0.0,0.0,0.0,0.0,0
Som7j9sfwdg,19,9,0,28.0,10,1.9,100,0,0.0,0.0,0.0,0.0,0
GZtu6kY4XRI,17,0,0,247.0,10,1.7,77,1521,-0.025000000000000022,0.33938492063492065,0.0,0.0,0
dIMnpquqJXM,6,0,0,96.0,10,0.6,68,0,0.0,0.0,0.0,0.0,0
rqgYLcD12dw,52,7,0,50.0,10,5.2,32,102,0.0,0.0,0.0,0.0,0
Ztu-I1P5fhY,9,1,0,3600.0,10,0.9,55,56,0.0,0.0,0.0,0.0,0
eCTbMKc25O4,78,0,0,46.0,10,7.8,93,0,0.0,0.0,0.0,0.0,0
O735VYTab54,292,2,5,26.0,10,29.2,62,0,0.0,0.0,0.041172907,0.0,0
7XEcrsXOYrg,1261,4,0,23.0,10,126.1,99,313,0.0,0.4375,0.0,0.0,0
Ty1U640G0Uk,2401,145,47,53.0,10,240.1,99,0,0.0,0.0,0.016809784933333335,0.0,0
NEgGi6IWn4A,288,6,0,60.0,12,24.0,80,317,0.0,0.16666666666666666,0.0,0.0,0
tVg5lGa6oy8,202,3,0,55.0,12,16.833333333333332,32,204,0.0,0.0,0.0,0.0,0
edZqfQ1kKs8,22868,0,0,45.0,12,1905.6666666666667,72,1275,0.0,0.04553571428571429,0.0,0.0,1
eOHSs682X8Q,571,8,5,43.0,12,47.583333333333336,100,1083,0.0,0.0,0.021331504,0.0,0
gBDPqhF-J5k,223,23,12,1525.0,12,18.583333333333332,63,880,0.0,0.16333333333333336,0.044110173333333336,0.0,0
p2e39mepAhE,41,1,0,768.0,12,3.4166666666666665,83,1054,0.35,0.14204545454545456,0.0,0.0,0
7p6pajttx9Y,679,3,0,55.0,12,56.583333333333336,62,226,0.43333333333333335,0.611111111111111,0.0,0.0,0
YaDnYo3Q6X4,48,34,6,994.0,12,4.0,98,0,0.0,0.0,0.010429831200000001,0.0,0
CpV5_23Y2W0,19,2,0,116.0,12,1.5833333333333333,67,992,0.4,0.1769230769230769,0.0,0.0,0
x5rg2aSdIVo,29850,1297,2,16.0,12,2487.5,90,486,0.2,0.19999999999999998,0.058419006,0.0,1
1PvhUSenaIU,744,5,1,30.0,12,62.0,75,0,0.0,0.0,0.11450345,0.0,0
KnoVFU0yCUc,10856,525,32,10240.0,12,904.6666666666666,78,3142,0.05,0.0992559523809524,0.032487515365,0.0,0
W_gu77r5umw,63,3,0,646.0,12,5.25,80,1517,0.0,0.25818452380952384,0.0,0.0,0
n4dwIkLk79c,921,56,20,388.0,12,76.75,90,894,0.2,0.08852813852813853,0.015394889915384615,0.0,0
t2KZm5mDZ30,270,16,11,1429.0,12,22.5,96,3264,0.35,0.14975490196078425,0.012309504200000002,0.0,0
k4-wORPj22I,53701,1240,147,2104.0,12,4475.083333333333,57,1688,0.35,0.3935064935064936,0.040398734406666664,0.0,1
fy_Fd8_zuok,171,4,0,42.0,12,14.25,92,749,0.0,0.06891025641025642,0.0,0.0,0
XU_gi_G0Dcc,297,4,0,39.0,13,22.846153846153847,39,1441,0.0,0.10185185185185186,0.0,0.0,0
zO_Xih6b-_U,296,3,0,48.0,13,22.76923076923077,91,807,0.0,0.2636363636363636,0.0,0.0,0
Z5rqB12e2WU,29706,0,12,336.0,13,2285.076923076923,98,743,0.7,0.27,0.016710216,0.0,1
JkxP9kKH5pc,323,2,0,40.0,13,24.846153846153847,57,3568,0.0,0.18169530122655123,0.0,0.0,0
MofmJnfoO2M,32758,493,18,337.0,13,2519.846153846154,80,1775,0.75,0.3773423005565863,0.07742604765625,0.0,1
hUenIjoTJ1U,17228,554,11,72.0,13,1325.2307692307693,67,1236,0.0,0.22727272727272727,0.09346378462857143,0.0,1
QgD8o5_E9e0,12235,600,2,17.0,13,941.1538461538462,97,517,0.0,0.47500000000000003,0.0224392355,0.0,0
rUxw8oAuXo4,472,11,0,215.0,13,36.30769230769231,64,1840,0.3333333333333333,0.2564102564102564,0.0,0.0,0
ePnrU7fHHGI,887,10,2,49.0,13,68.23076923076923,97,2009,0.0,0.2428030303030303,0.010555492100000001,0.0,0
Etoc1IehQLM,105,9,4,1761.0,13,8.076923076923077,95,1703,0.0,0.10729166666666669,0.05521121749999999,0.0,0
iwZ6Y0_keXo,444,6,6,45.0,13,34.15384615384615,100,1083,0.0,0.0,0.02942284,0.0,0
o62xGFU6iX4,85,7,2,1151.0,13,6.538461538461538,94,4191,0.0,0.359375,0.025262068,0.0,0
-LGwdrajMZ0,1501,60,9,2750.0,13,115.46153846153847,100,4010,0.35,0.16650555327025915,0.023915404799999998,0.0,0
OPJ88wLp3zk,1257,44,8,41720.0,13,96.6923076923077,49,3250,0.35,0.1512820512820513,0.037886366675,0.0,0
KHo-e-eGHaQ,81,2,0,483.0,13,6.230769230769231,89,621,0.0,0.22083333333333333,0.0,0.0,0
zN0Lk1h4gnc,2678,0,4,15.0,13,206.0,62,824,0.0,0.2666666666666667,0.0669147925,0.0,0
f37wOMXF82Y,308,11,3,57.0,13,23.692307692307693,99,1310,0.0,0.10059523809523811,0.015896068,0.0,0
ldheGEsFncA,121,1,0,233.0,13,9.307692307692308,93,1330,0.0,0.6100000000000001,0.0,0.0,0
vs46BCwxS5M,269,5,0,11.0,13,20.692307692307693,67,123,0.0,0.1,0.0,0.0,0
aDyu-t-UKPE,23231,0,0,27.0,13,1787.0,96,0,-0.17857142857142858,0.0,0.0,0.0,1
Ph5h1iREa4Y,261,3,0,52.0,13,20.076923076923077,41,0,0.0,0.0,0.0,0.0,0
OXci5zMFe2M,111,1,0,39.0,13,8.538461538461538,92,717,0.0,0.42500000000000004,0.0,0.0,0
jFV6x61lmHY,109,2,0,26.0,14,7.785714285714286,99,366,0.0,0.20833333333333334,0.0,0.0,0
czC03Mm7w9M,1224,5,0,27.0,14,87.42857142857143,74,0,0.0,0.0,0.0,0.0,0
IlXtg_0RS4M,1352,8,0,59.0,14,96.57142857142857,56,747,0.0,0.125,0.0,0.0,0
Wx-zdBj62x4,37573,1085,53,1680.0,14,2683.785714285714,57,1154,0.35,0.25,0.04808649216666667,0.0,1
iqVeZ70muyw,1248,102,16,487.0,14,89.14285714285714,91,2144,0.0,0.11274509803921569,0.059132373212500006,0.0,0
YYZ1pEmYnnk,374,26,0,7933.0,14,26.714285714285715,31,63,0.0,0.0,0.0,0.0,0
9eI2maP1eA4,170,7,1,1172.0,14,12.142857142857142,65,929,0.0,0.07523809523809523,0.010743983,0.0,0
4RUeXjuAEZs,1048,32,3,1484.0,14,74.85714285714286,97,2503,0.30000000000000004,0.027777777777777776,0.014183942,0.0,0
cuxBS9vefvs,2597,176,2,117.0,14,185.5,72,1250,0.0,0.3677489177489177,0.02308189,0.0,0
Z-kvgCTuOus,180,4,1,2744.0,14,12.857142857142858,91,1748,0.0,0.40648148148148144,0.010429831,0.0,0
Ao552hyc31w,8681,289,13,233.0,14,620.0714285714286,59,1397,0.0,0.13347222222222224,0.028551781,0.0,0
n5LthS8HLmE,20,2,0,39.0,12,1.6666666666666667,44,1392,0.0,0.10185185185185186,0.0,0.0,0
ZAG-zDbVPWw,1,0,0,1635.0,12,0.08333333333333333,85,110,0.0,0.3181818181818182,0.0,0.0,0
sfX-CeBYGn0,465,2,0,70.0,12,38.75,90,0,0.0,0.0,0.0,0.0,0
mgkDnr0o6s8,276,7,4,111.0,12,23.0,82,129,0.0,0.0,0.0325418085,0.0,0
2Cv0qFOPCwY,10,2,0,801.0,12,0.8333333333333334,90,241,0.0,0.35833333333333334,0.0,0.0,0
NEgGi6IWn4A,288,6,0,60.0,12,24.0,80,317,0.0,0.16666666666666666,0.0,0.0,0
tVg5lGa6oy8,202,3,0,55.0,12,16.833333333333332,32,204,0.0,0.0,0.0,0.0,0
8X7bTRQgjYQ,19,2,0,657.0,12,1.5833333333333333,71,450,0.0,-0.10416666666666666,0.0,0.0,0
p2e39mepAhE,41,1,0,768.0,12,3.4166666666666665,83,1054,0.35,0.14204545454545456,0.0,0.0,0
ATTEY9d56Mo,2,0,0,2909.0,12,0.16666666666666666,50,0,0.0,0.0,0.0,0.0,0
Sgn87oYxJG4,19,2,0,90.0,12,1.5833333333333333,89,1778,0.0,-0.1063965548340548,0.0,0.0,0
W_gu77r5umw,63,3,0,646.0,12,5.25,80,1517,0.0,0.25818452380952384,0.0,0.0,0
k4-wORPj22I,53701,1240,147,2104.0,12,4475.083333333333,57,1688,0.35,0.3935064935064936,0.040398734406666664,0.0,1
fy_Fd8_zuok,171,4,0,42.0,12,14.25,92,749,0.0,0.06891025641025642,0.0,0.0,0
GA3F6i6NklY,66,1,0,38.0,12,5.5,98,704,0.0,0.15318015318015318,0.0,0.0,0
a91Hn13pDjc,3,0,0,43.0,12,0.25,99,770,0.0,0.23775510204081632,0.0,0.0,0
RU33fmJf7I4,5,0,0,48.0,12,0.4166666666666667,94,882,0.0,0.03518518518518519,0.0,0.0,0
lmeIbGm70u0,1,0,0,49.0,12,0.08333333333333333,100,887,0.0,0.025396825396825397,0.0,0.0,0
9NEC_2LpLsg,0,0,0,45.0,12,0.0,95,822,0.0,0.045238095238095244,0.0,0.0,0
XU_gi_G0Dcc,297,4,0,39.0,13,22.846153846153847,39,1441,0.0,0.10185185185185186,0.0,0.0,0
4-ZlkRp4Z40,4,0,0,46.0,13,0.3076923076923077,92,780,0.0,0.13,0.0,0.0,0
OhGq8NUyU2I,60,2,0,1540.0,13,4.615384615384615,85,85,0.0,0.0,0.0,0.0,0
SbRNe0_983c,7,0,1,52.0,13,0.5384615384615384,96,181,0.0,0.0,0.013382856,0.0,0
156YF2HYhoc,183,6,1,47.0,13,14.076923076923077,96,560,0.0,0.29992559523809526,0.06065326,0.0,0
m5I4CPNls2I,198,1,0,623.0,13,15.23076923076923,54,563,0.0,-0.024999999999999994,0.0,0.0,0
xRnm-h-1xvA,5,0,0,52.0,13,0.38461538461538464,96,212,0.0,0.16666666666666666,0.0,0.0,0
zO_Xih6b-_U,296,3,0,48.0,13,22.76923076923077,91,807,0.0,0.2636363636363636,0.0,0.0,0
w1pUPAXApOc,0,0,0,207.0,13,0.0,23,49,0.0,0.0,0.0,0.0,0
LiKV-wxwM9Y,201,0,0,8.0,13,15.461538461538462,72,0,0.0,0.0,0.0,0.0,0
Z5rqB12e2WU,29706,0,12,336.0,13,2285.076923076923,98,743,0.7,0.27,0.016710216,0.0,1
rUxw8oAuXo4,472,11,0,215.0,13,36.30769230769231,64,1840,0.3333333333333333,0.2564102564102564,0.0,0.0,0
ePnrU7fHHGI,887,10,2,49.0,13,68.23076923076923,97,2009,0.0,0.2428030303030303,0.010555492100000001,0.0,0
kL9xZojlWnM,6,0,0,197.0,13,0.46153846153846156,81,1677,-0.375,0.10416666666666666,0.0,0.0,0
psIjCGWzxZo,81,0,0,22.0,13,6.230769230769231,89,815,0.0,0.20876623376623374,0.0,0.0,0
8BMeQ0a6zgM,213,1,0,134.0,13,16.384615384615383,100,193,0.0,0.0,0.0,0.0,0
pam4Q2Uu0Zs,46,0,0,53.0,13,3.5384615384615383,98,0,0.0,0.0,0.0,0.0,0
Etoc1IehQLM,105,9,4,1761.0,13,8.076923076923077,95,1703,0.0,0.10729166666666669,0.05521121749999999,0.0,0
cAt3lSmSkAw,178,0,0,118.0,13,13.692307692307692,97,0,0.0,0.0,0.0,0.0,0
OPJ88wLp3zk,1261,44,8,41720.0,13,97.0,49,3250,0.35,0.1512820512820513,0.037886366675,0.0,0
R47cf-1QllQ,10,1,0,850.0,13,0.7692307692307693,61,499,0.0,0.2638888888888889,0.0,0.0,0
vs46BCwxS5M,269,5,0,11.0,13,20.692307692307693,67,123,0.0,0.1,0.0,0.0,0
lmyz-OOqVQs,7,0,0,97.0,13,0.5384615384615384,31,0,0.0,0.0,0.0,0.0,0
Ph5h1iREa4Y,261,3,0,52.0,13,20.076923076923077,41,0,0.0,0.0,0.0,0.0,0
OXci5zMFe2M,111,1,0,39.0,13,8.538461538461538,92,717,0.0,0.42500000000000004,0.0,0.0,0
WEtGwOkscmM,46,0,0,42.0,13,3.5384615384615383,99,718,-0.26666666666666666,-0.10666666666666669,0.0,0.0,0
mp4B28sKdXQ,63,2,0,43.0,13,4.846153846153846,87,736,0.0,0.09583333333333333,0.0,0.0,0
acJSIHEIe5M,1,0,0,54.0,13,0.07692307692307693,100,1045,0.0,0.09705882352941175,0.0,0.0,0
-LiDO4v1wfM,2,0,0,33.0,14,0.14285714285714285,97,510,0.0,0.05714285714285715,0.0,0.0,0
DPQv62Unos0,2,0,0,57.0,14,0.14285714285714285,98,1086,-0.5,-0.18,0.0,0.0,0
x2_EtvNGc5k,0,0,0,57.0,14,0.0,92,1032,0.0,0.24603174603174605,0.0,0.0,0
RUIKyykLFho,1433,0,0,17.0,16,89.5625,41,454,0.0,0.19166666666666665,0.0,0.0,0
_FubVvVcDLk,485,12,0,1158.0,16,30.3125,42,804,0.0,0.0,0.0,0.0,0
s-rzz5Af1ng,657,13,0,1915.0,16,41.0625,35,797,0.0,0.0,0.0,0.0,0
bHkT2h27uGM,484,11,1,1267.0,16,30.25,38,800,0.0,0.0,0.01646154,0.0,0
QJUadnUNXX0,105,2,1,13440.0,16,6.5625,55,422,0.0,0.0,0.006125955,0.0,0
MbBmCSvprWU,94,0,0,149.0,16,5.875,76,443,0.8,0.0,0.0,0.0,0
rdxy0oYuGcQ,636,3,0,66.0,16,39.75,92,455,0.0,0.0,0.0,0.0,0
otHdH_ShUh8,205,12,0,64.0,16,12.8125,36,1385,0.0,0.25,0.0,0.0,0
Bx6Ktmj8XYE,185,7,0,39.0,16,11.5625,35,1362,0.0,0.07222222222222222,0.0,0.0,0
HeSfOTr4zng,700,0,0,16.0,16,43.75,97,844,0.0,0.12,0.0,0.0,0
-Dlak6NrtWY,146,0,2,1062.0,17,8.588235294117647,73,837,0.0,0.5,0.01608456,0.0,0
lUrSmRjtp7o,1338,22,1,66.0,17,78.70588235294117,30,313,0.0,0.3625,0.014576632,0.0,0
4nqYBE0zesM,19981,862,44,795.0,17,1175.3529411764705,60,3369,0.5,0.3632512315270936,0.02167513492962963,0.0,1
lU12aoer3Mk,23086,1336,81,660.0,17,1358.0,67,3324,0.25,0.13353174603174603,0.03838617765333333,0.0,1
hijOCVBrMF4,4416,24,0,610.0,17,259.7647058823529,48,114,0.0,0.0,0.0,0.0,0
JRh2o7Bbnfs,165,8,3,889.0,17,9.705882352941176,91,2226,0.0,0.1575757575757576,0.015644746,0.0,0
JQEwPa5FStM,47088,1644,42,42543.0,17,2769.8823529411766,74,4376,0.375,0.28565656565656566,0.03664449411111111,0.0,1
sBpq0iRvwBI,1304,5,1,38.0,17,76.70588235294117,36,211,0.125,0.5125,0.17631748,0.0,0
bg6r32vqkSI,31,0,0,861.0,17,1.8235294117647058,100,1883,0.0,0.10575757575757576,0.0,0.0,0
4hFMCQenQeI,1159,18,1,123.0,17,68.17647058823529,98,0,0.0,0.0,0.015079274,0.0,0
-L2UBmM3wYs,30,0,0,1395.0,17,1.7647058823529411,66,151,0.0,-0.25,0.0,0.0,0
xUpqGVemFaA,475,47,17,1534.0,17,27.941176470588236,45,530,0.0,0.0,0.0039488848800000005,0.0,0
F1_eOq_6yoU,209,19,3,70.0,18,11.61111111111111,72,782,0.0,0.08402777777777776,0.021756078499999998,0.0,0
i5a45xvDiUw,1179,0,0,61.0,18,65.5,69,97,-0.6,-0.033333333333333326,0.0,0.0,0
VURepg6O_vA,4585,132,14,128.0,18,254.72222222222223,90,0,0.0,0.0,0.0715537849175249,0.0,0
hbtrfWv7B28,442795,15856,343,110.0,18,24599.722222222223,58,0,0.0,0.0,0.1426791695,0.0,1
GFGsM3SvL_s,33,2,0,228.0,18,1.8333333333333333,70,3533,0.11249999999999999,0.19942748917748915,0.0,0.0,0
lGToag98-8k,5929,233,11,40112.0,18,329.3888888888889,83,3181,0.35,0.23698945981554684,0.043630454416666666,0.0,0
yQu_3e7MAr0,36290,1737,341,17881.0,18,2016.111111111111,66,3096,0.35,0.23611111111111108,0.033942118753333334,0.0,1
WuMx9XOmRGE,102,7,0,2253.0,18,5.666666666666667,99,3480,0.0,-0.006666666666666654,0.0,0.0,0
DD9vM8QX9LY,133,7,0,38.0,18,7.388888888888889,86,414,0.0,0.19062500000000002,0.0,0.0,0
ZNW2RNBAEz0,522,7,0,81.0,18,29.0,82,575,0.0,0.0,0.0,0.0,0
LuFj6-REfmQ,3452,156,1,22.0,18,191.77777777777777,47,442,0.0,-0.6,0.0017278334,0.0,0
TRNazWA_crk,96,18,0,454.0,18,5.333333333333333,72,860,0.0,0.355,0.0,0.0,0
fQQ3qnhHcgk,991,33,2,11868.0,18,55.05555555555556,58,4427,0.35,0.24791666666666665,0.0169013525,0.0,0
zHaFks8ArVE,42,31,4,913.0,18,2.3333333333333335,91,0,0.0,0.0,0.0091889325,0.0,0
u6x2BhXnPqw,93,5,0,12086.0,18,5.166666666666667,85,1466,0.05,0.3011904761904762,0.0,0.0,0
cB95gevRLrU,87315,3024,78,551.0,18,4850.833333333333,38,1063,0.5,0.30416666666666664,0.024791996055172415,0.0,1
iql-dM36xoQ,2792,160,2,167.0,18,155.11111111111111,92,0,0.25,0.0,0.027847255,0.0,0
RzR1i8h2dwQ,366,15,13,806.0,18,20.333333333333332,88,1094,0.0,0.07261904761904761,0.0204133706,0.0,0
DGDmL0uDjmA,19,0,1,596.0,18,1.0555555555555556,83,3365,0.0,0.2797916666666667,0.017341165,0.0,0
6-iJVFItnF8,360,19,0,3461.0,19,18.94736842105263,85,817,0.35,0.3025,0.0,0.0,0
CfCx3AmntfY,130,2,0,6720.0,19,6.842105263157895,55,0,-0.6,0.0,0.0,0.0,0
yE6tIle64tU,417984,14820,1571,14274.0,19,21999.157894736843,56,4855,0.1,0.13181444991789817,0.028362380123333333,0.0,1
k2uWxazTrWQ,156,7,1,5098.0,19,8.210526315789474,45,810,0.0,0.16574074074074077,0.009801528,0.0,0
vckEdWRbwW4,44,0,0,1760.0,19,2.3157894736842106,69,1209,0.0,0.2333333333333333,0.0,0.0,0
Av0R_rw7OGE,34,1,0,278.0,19,1.7894736842105263,99,1210,0.0,0.07884615384615384,0.0,0.0,0
qa6TASid7Tg,80,3,0,369.0,19,4.2105263157894735,74,902,0.1,0.11562499999999999,0.0,0.0,0
C3yEAqfRbMM,98,8,2,576.0,19,5.157894736842105,91,880,0.1,0.2425925925925926,0.0665887,0.0,0
47qRjLdaEtk,80,8,0,60.0,19,4.2105263157894735,99,1026,0.43333333333333335,0.23265306122448978,0.0,0.0,0
DYH2HqXz1Ow,4,1,0,563.0,15,0.26666666666666666,56,1285,0.0,0.24601641414141412,0.0,0.0,0
mJY9iPy41W0,133,10,6,404.0,15,8.866666666666667,93,1271,0.0,-0.041666666666666664,0.027747171166666668,0.0,0
bQtRDO42Dc8,4,1,0,851.0,15,0.26666666666666666,57,1285,0.0,0.24601641414141412,0.0,0.0,0
A1wq5isXGpA,6,1,0,301.0,15,0.4,44,1285,0.25,0.24601641414141412,0.0,0.0,0
bxawmA-6_gQ,51,3,0,12423.0,15,3.4,84,73,0.4,0.13636363636363635,0.0,0.0,0
KXpds4IO_zw,4,0,0,309.0,15,0.26666666666666666,36,83,0.0,0.0,0.0,0.0,0
7U9vjuX5o2g,4,0,0,43.0,15,0.26666666666666666,99,712,1.0,0.29268707482993195,0.0,0.0,0
bd3umjrmM34,117,2,0,39.0,15,7.8,39,1821,0.0,0.1435897435897436,0.0,0.0,0
euByd75YPco,6052,276,9,60.0,15,403.46666666666664,100,447,0.0,0.328125,0.060708694,0.0,0
F-TFIWi29RQ,1,0,0,49.0,16,0.0625,100,925,1.0,0.1479166666666667,0.0,0.0,0
Qqxp-hDxcuA,167,2,0,39.0,16,10.4375,49,1891,0.0,0.1435897435897436,0.0,0.0,0
pdiNmpqV0qI,0,0,0,54.0,16,0.0,96,963,-0.3,0.19423076923076923,0.0,0.0,0
vrEl-c3MWzg,124,1,0,55.0,16,7.75,91,965,0.0,0.15192307692307694,0.0,0.0,0
KLRQDT6t1RA,105,0,0,51.0,16,6.5625,94,1008,0.0,0.22058823529411767,0.0,0.0,0
sdGn3YtuEX8,24992,596,11,39945.0,16,1562.0,87,3732,0.05000000000000001,0.14213098729227763,0.0348303695,0.0,1
zjZUiJS71v8,595,24,15,1861.0,16,37.1875,80,1130,0.0,0.31034041715859895,0.024729160071428575,0.0,0
dMWodDVzLyc,206,2,0,45.0,16,12.875,46,0,0.0,0.0,0.0,0.0,0
M8RQk3bDjM4,23,1,0,174.0,16,1.4375,90,0,0.17045454545454544,0.0,0.0,0.0,0
7Ir7ZDMxsfk,311,21,2,86.0,16,19.4375,48,268,0.0,0.08333333333333333,0.0140184275,0.0,0
JxJlHbeUtFw,4399,160,1,43060.0,16,274.9375,100,4486,-0.2833333333333333,-0.043436920222634526,0.021785567,0.0,0
Bu2qS2Nbovk,53,1,0,60.0,16,3.3125,39,830,0.4,0.21586270871985155,0.0,0.0,0
D6_IJd1m1jE,3,0,0,174.0,16,0.1875,86,1528,0.0,0.15973484848484848,0.0,0.0,0
ZW1ofjjqsjk,278,6,2,56.0,16,17.375,25,142,0.0,0.0,0.041915078,0.0,0
yZrqs-CiGpI,57,5,4,3588.0,16,3.5625,72,566,0.0,0.0,0.016461541,0.0,0
JdEYkHdvUq0,69,5,1,75.0,16,4.3125,83,712,0.0,0.43333333333333335,0.020960633,0.0,0
FQtlM5tiDlY,21857,452,0,24264.0,16,1366.0625,100,4420,-0.2833333333333333,-0.043436920222634526,0.0,0.0,1
oDNSG5GOFK8,767,9,0,179.0,16,47.9375,76,114,0.0,0.30000000000000004,0.0,0.0,0
vk6Shj3bki8,36,3,0,18.0,16,2.25,98,0,0.0,0.0,0.0,0.0,0
HiSZe_tjl0k,2017,20,0,35.0,16,126.0625,86,210,-0.1,0.0,0.0,0.0,0
_FubVvVcDLk,485,12,0,1158.0,16,30.3125,42,804,0.0,0.0,0.0,0.0,0
s-rzz5Af1ng,657,13,0,1915.0,16,41.0625,35,797,0.0,0.0,0.0,0.0,0
bHkT2h27uGM,484,11,1,1267.0,16,30.25,38,800,0.0,0.0,0.01646154,0.0,0
QJUadnUNXX0,105,2,1,13440.0,16,6.5625,55,422,0.0,0.0,0.006125955,0.0,0
rdxy0oYuGcQ,636,3,0,66.0,16,39.75,92,455,0.0,0.0,0.0,0.0,0
Bx6Ktmj8XYE,185,7,0,39.0,16,11.5625,35,1362,0.0,0.07222222222222222,0.0,0.0,0
HeSfOTr4zng,700,0,0,16.0,16,43.75,97,844,0.0,0.12,0.0,0.0,0
uwBkqXr0OTg,382,9,1,48.0,16,23.875,76,69,0.0,0.0,0.00512067,0.0,0
hO-Gtwgzecs,1,0,0,65.0,17,0.058823529411764705,97,1089,0.0,0.14660714285714288,0.0,0.0,0
67K3nVx7eYQ,145,3,0,31.0,17,8.529411764705882,96,88,0.0,0.0,0.0,0.0,0
4nqYBE0zesM,19981,862,44,795.0,17,1175.3529411764705,60,3369,0.5,0.3632512315270936,0.022054482503846153,0.0,1
lU12aoer3Mk,23087,1336,81,660.0,17,1358.0588235294117,67,3324,0.25,0.13353174603174603,0.03838617765333333,0.0,1
cnnb-HF_u8w,116,0,0,110.0,17,6.823529411764706,93,0,0.0,0.0,0.0,0.0,0
hijOCVBrMF4,4416,24,0,610.0,17,259.7647058823529,48,114,0.0,0.0,0.0,0.0,0
VL9_kt9KHn0,75,3,0,17.0,17,4.411764705882353,100,0,0.0,0.0,0.0,0.0,0
JRh2o7Bbnfs,165,8,3,889.0,17,9.705882352941176,91,2226,0.0,0.1575757575757576,0.015644746,0.0,0
JQEwPa5FStM,47088,1644,42,42543.0,17,2769.8823529411766,74,4376,0.375,0.28565656565656566,0.03533421905263158,0.0,1
sBpq0iRvwBI,1304,5,1,38.0,17,76.70588235294117,36,211,0.125,0.5125,0.17631748,0.0,0
ymE75IeoW-0,3,0,0,35.0,17,0.17647058823529413,92,642,0.0,0.04166666666666667,0.0,0.0,0
95uwmjaHWmY,6,1,0,349.0,17,0.35294117647058826,34,842,0.0,-0.038461538461538464,0.0,0.0,0
F0_NvwMZ5Gs,6,2,0,266.0,17,0.35294117647058826,30,499,0.0,0.2638888888888889,0.0,0.0,0
bg6r32vqkSI,31,0,0,861.0,17,1.8235294117647058,100,1883,0.0,0.10575757575757576,0.0,0.0,0
4hFMCQenQeI,1159,18,1,123.0,17,68.17647058823529,98,0,0.0,0.0,0.015079274,0.0,0
tGFvQ27S4Zw,390,6,1,58.0,17,22.941176470588236,70,0,0.0,0.0,0.017341165,0.0,0
a_pmWHm4Jmw,17,1,0,38.0,17,1.0,57,214,-0.1,0.4375,0.0,0.0,0
i2iSuEXATs0,17,1,0,41.0,18,0.9444444444444444,96,777,0.0,0.0505952380952381,0.0,0.0,0
saNPf5XDqok,33,2,0,1582.0,18,1.8333333333333333,65,424,-0.3,-0.075,0.0,0.0,0
rfZnb48ma4A,8,1,0,1599.0,18,0.4444444444444444,91,745,0.0,0.11249999999999999,0.0,0.0,0
sSnYVlsj4O0,75,0,0,45.0,18,4.166666666666667,100,744,-0.3,-0.017053571428571446,0.0,0.0,0
y87VCz7iMp0,615,0,3,28.0,18,34.166666666666664,97,97,0.0,0.0,0.0120791268,0.0,0
yQu_3e7MAr0,36290,1737,341,17881.0,18,2016.111111111111,66,3096,0.35,0.23611111111111108,0.033942118753333334,0.0,1
WuMx9XOmRGE,102,7,0,2253.0,18,5.666666666666667,99,3480,0.0,-0.006666666666666654,0.0,0.0,0
DD9vM8QX9LY,133,7,0,38.0,18,7.388888888888889,86,414,0.0,0.19062500000000002,0.0,0.0,0
ZNW2RNBAEz0,522,7,0,81.0,18,29.0,82,575,0.0,0.0,0.0,0.0,0
LuFj6-REfmQ,3452,156,1,22.0,18,191.77777777777777,47,442,0.0,-0.6,0.0017278334,0.0,0
I-liLXhEflE,46,1,0,135.0,18,2.5555555555555554,97,908,0.0,0.18,0.0,0.0,0
GL_TWmVdo2Q,3,0,0,225.0,18,0.16666666666666666,34,215,0.0,0.0,0.0,0.0,0
nAL7yXpZnY4,1,0,0,202.0,18,0.05555555555555555,49,0,0.0,0.0,0.0,0.0,0
Bn7mkDJtn60,78,2,0,45.0,18,4.333333333333333,100,0,-0.2916666666666667,0.0,0.0,0.0,0
fQQ3qnhHcgk,991,33,2,11868.0,18,55.05555555555556,58,4427,0.35,0.24791666666666665,0.0169013525,0.0,0
u6x2BhXnPqw,93,5,0,12086.0,18,5.166666666666667,85,1466,0.05,0.3011904761904762,0.0,0.0,0
MpWq187odDQ,328,2,0,50.0,18,18.22222222222222,37,0,0.0,0.0,0.0,0.0,0
ieHB2gT4FHY,3,3,0,318.0,18,0.16666666666666666,67,499,0.0,0.2638888888888889,0.0,0.0,0
GKprg3Rsdnk,5,3,0,663.0,18,0.2777777777777778,46,292,0.0,0.25,0.0,0.0,0
7SvyyDjMYS4,21,5,0,403.0,18,1.1666666666666667,35,992,0.0,0.1375,0.0,0.0,0
RzR1i8h2dwQ,366,15,13,806.0,18,20.333333333333332,88,1094,0.0,0.07261904761904761,0.0204133706,0.0,0
_tlQ7_Pu8Vk,83,4,0,81.0,18,4.611111111111111,86,0,0.5,0.0,0.0,0.0,0
yMnBEiZMKKg,5,0,0,54.0,19,0.2631578947368421,92,904,0.0,0.17513888888888887,0.0,0.0,0
RD1QnkGxTmE,22,0,0,51.0,19,1.1578947368421053,99,824,0.6,0.375,0.0,0.0,0
KMlg7xZG0V8,3,1,0,39.0,19,0.15789473684210525,97,728,0.0,0.19166666666666668,0.0,0.0,0
8s4_qITLNlA,1,0,0,54.0,19,0.05263157894736842,97,926,-0.125,0.2100446428571429,0.0,0.0,0
T_k4A7w8jEQ,105,1,0,50.0,19,5.526315789473684,100,929,0.0,0.07173295454545456,0.0,0.0,0
aYx9oqgcVOc,84,2,0,62.0,19,4.421052631578948,100,1098,0.0,0.23630952380952383,0.0,0.0,0
yE6tIle64tU,418000,14820,1571,14274.0,19,22000.0,56,4855,0.1,0.13181444991789817,0.028939579196551726,0.0,1
sr-5PzYFaLA,5,0,0,266.0,19,0.2631578947368421,81,2824,0.0,0.21712962962962962,0.0,0.0,0
g62Mpb2t_wI,4,0,0,257.0,19,0.21052631578947367,93,1190,0.0,0.3623798076923077,0.0,0.0,0
qa6TASid7Tg,80,3,0,369.0,19,4.2105263157894735,74,902,0.1,0.11562499999999999,0.0,0.0,0
fXJFTbPqWgE,46,1,0,84.0,19,2.4210526315789473,75,2756,0.0,0.022046703296703305,0.0,0.0,0
mKedh6i818s,12,2,0,18.0,19,0.631578947368421,90,0,0.0,0.0,0.0,0.0,0
47qRjLdaEtk,80,8,0,60.0,19,4.2105263157894735,99,1026,0.43333333333333335,0.23265306122448978,0.0,0.0,0
JASNPlJ_wlE,15,3,0,1131.0,19,0.7894736842105263,87,515,0.0,0.36875,0.0,0.0,0
ryTrXbzEBGs,207,13,2,596.0,19,10.894736842105264,84,613,0.0,0.035101010101010105,0.01619413125,0.0,0
JxYV12B4tW8,185,3,0,64.0,19,9.736842105263158,53,411,0.0,0.03333333333333333,0.0,0.0,0
YQtZGDARB-Q,18,1,0,527.0,20,0.9,92,187,0.0,0.25,0.0,0.0,0
9qUdkRX8jyQ,1122,31,2,63.0,20,56.1,69,0,0.0,0.0,0.09525062,0.0,0
oFs-QqOPlaA,55,8,0,57.0,20,2.75,90,340,0.0,0.5181818181818182,0.0,0.0,0
T9LlGRg9Cj4,51,13,0,4617.0,20,2.55,74,1821,-0.125,0.21686602870813396,0.0,0.0,0
I9API8fngto,349,4,1,15.0,20,17.45,56,112,0.0,0.35,0.03015274,0.0,0
noE2xhffys0,1,0,0,40.0,20,0.05,96,765,0.21428571428571427,0.18253968253968259,0.0,0.0,0
4Dx1hkgSzm8,1632,14,0,49.0,20,81.6,92,0,0.0,0.0,0.0,0.0,0
HYYvZkS_P4A,282,16,3,621.0,20,14.1,86,3549,0.375,0.14724025974025975,0.0305764725,0.0,0
F1KGBzjZdDc,203,12,0,2489.0,20,10.15,92,1677,0.0,0.18051948051948052,0.0,0.0,0
y3hvECiaOc0,42,1,0,2239.0,20,2.1,73,0,0.0,0.0,0.0,0.0,0
zPujoV1dodY,108,1,0,41.0,20,5.4,25,589,0.0,0.2625,0.0,0.0,0
0uqu7I0AYos,312,0,0,138.0,20,15.6,88,0,0.0,0.0,0.0,0.0,0
mTQ8gVjbuyU,64,8,0,1872.0,20,3.2,82,1425,0.0,0.3071373456790123,0.0,0.0,0
IUFl18kRPK0,64,13,1,1906.0,20,3.2,91,1425,0.0,0.3071373456790123,0.017341165,0.0,0
8DqhePAKu14,247,25,5,1064.0,20,12.35,96,1098,0.1,0.65,0.010476953649999999,0.0,0
LH9E7fB2d_0,125,6,1,17.0,20,6.25,92,118,-0.07142857142857142,-0.08928571428571427,0.014450971,0.0,0
IwTm2fw0Lpc,14,0,0,1475.0,20,0.7,67,0,0.0,0.0,0.0,0.0,0
2DoAmKc-rps,24713,358,0,42898.0,21,1176.8095238095239,89,3842,0.35,0.16972140762463345,0.0,0.0,1
FyznkfrrRLc,103,9,0,384.0,21,4.904761904761905,85,813,0.0,0.26145833333333335,0.0,0.0,0
esYMW5A5Csw,83,0,0,47.0,21,3.9523809523809526,98,767,0.0,0.16666666666666669,0.0,0.0,0
ob5o8c0jyBw,4215,137,1,42755.0,21,200.71428571428572,89,3893,0.35,0.16972140762463345,0.054779384,0.0,0
EJE-MIY4U3M,101,3,3,608.0,21,4.809523809523809,90,1344,0.21428571428571427,0.05,0.005874634,0.0,0
KcZgVv1i0ME,19,9,2,150.0,21,0.9047619047619048,71,25,0.0,0.0,0.01024134,0.0,0
zNXWEVP-Rsw,21,0,0,387.0,21,1.0,78,647,0.35,0.35,0.0,0.0,0
G-MeZ-StTRw,163,0,0,42.0,21,7.761904761904762,100,869,0.0,0.18893939393939393,0.0,0.0,0
V00mFrN2kbQ,706,41,11,417.0,21,33.61904761904762,93,299,0.1,0.04545454545454545,0.020046139214285715,0.0,0
UU-pao0trVk,1869,0,0,29.0,21,89.0,66,738,0.1,0.13831168831168833,0.0,0.0,0
RgNXclvU_sQ,0,0,0,204.0,21,0.0,68,2191,0.15000000000000002,0.07107142857142855,0.0,0.0,0
sKStrB4cLNE,3,0,0,1408.0,21,0.14285714285714285,66,164,0.0,0.25,0.0,0.0,0
pUGKkpm6q_c,4481,29,0,371.0,22,203.6818181818182,63,104,0.0,0.0,0.0,0.0,0
wsIb_EdhcY8,73832,1498,223,772.0,22,3356.0,80,594,0.16818181818181818,0.24814814814814815,0.13228093403333335,0.06666666666666667,1
0cb0LlPb4A4,64,11,0,5221.0,22,2.909090909090909,74,4331,-0.125,0.10586527293844367,0.0,0.0,0
NZP97QibnLw,0,0,0,222.0,22,0.0,69,268,0.0,0.0,0.0,0.0,0
PGWz8kbUxkM,3,1,0,302.0,22,0.13636363636363635,74,273,0.0,0.0,0.0,0.0,0
FYI0j3r5ndE,1991,314,1,1416.0,22,90.5,77,3167,0.0,0.20764558022622537,0.0005693997,0.0,0
Pu1kAR294oI,309,24,10,847.0,22,14.045454545454545,61,131,0.0,0.0,0.026521055999999998,0.0,0
xHgsPN-IFW8,335,13,3,1277.0,22,15.227272727272727,97,2168,0.0,0.3430555555555556,0.021217463,0.0,0
u7b8yQGvTLE,3,0,0,398.0,22,0.13636363636363635,33,91,0.0,0.0,0.0,0.0,0
1j4p1W6zhKw,62,1,0,405.0,22,2.8181818181818183,50,1537,0.43333333333333335,0.4547619047619048,0.0,0.0,0
WnIyuYCCk0Y,136,32,0,984.0,22,6.181818181818182,89,0,0.0,0.0,0.0,0.0,0
GkACMlAG3nI,16,1,0,515.0,22,0.7272727272727273,74,726,0.3,0.27499999999999997,0.0,0.0,0
Y0icEG2RQ6A,507,10,0,27.0,22,23.045454545454547,58,200,0.5,0.0,0.0,0.0,0
ezebQP28L5M,20,1,0,68.0,22,0.9090909090909091,100,2287,0.0,0.21735454545454547,0.0,0.0,0
MeeEPRJKXC0,85,0,1,67.0,22,3.8636363636363638,69,659,0.0,0.2619047619047619,0.00402114,0.0,0
fN681nnolis,1359,28,3,8.0,22,61.77272727272727,50,0,0.0,0.0,0.15335313933333333,0.0,0
GdnfmlmgWXM,2014,132,1,131.0,22,91.54545454545455,61,0,0.0,0.0,0.026970858,0.0,0
z9SK-P6nIm0,543,23,9,495.0,22,24.681818181818183,72,1019,0.43333333333333335,0.26666666666666666,0.0266634476,0.0,0
OF8UpegWS78,624,10,0,43.0,22,28.363636363636363,53,369,0.0,0.0,0.0,0.0,0
Qm7a80kxI58,74,7,1,1521.0,22,3.3636363636363638,25,1513,0.0,0.2575,0.017718147,0.0,0
lVrPKeHBaNI,8,0,0,502.0,23,0.34782608695652173,71,61,0.0,0.0,0.0,0.0,0
QrSlXaDCVw8,129,2,1,28.0,23,5.608695652173913,95,0,0.0,0.0,0.011749268,0.0,0
G-Et1K0OVv0,95,1,0,143.0,23,4.130434782608695,100,1201,0.0,0.10000000000000002,0.0,0.0,0
380w4JacB0E,16,3,1,119.0,23,0.6956521739130435,32,0,0.0,0.0,0.020231359,0.0,0
1pCiw2gPfJU,8394,157,83,660.0,23,364.95652173913044,78,2893,0.0,0.0,0.012423844353333333,0.0,0
M3LBjNgd5zk,26,2,1,32.0,23,1.1304347826086956,85,205,0.0,0.32857142857142857,0.012880214,0.0,0
flm9FTyN8IA,212,3,2,44.0,23,9.217391304347826,100,1083,0.0,0.0,0.034041706,0.0,0
R_x8ymXPtNQ,208,6,1,3220.0,23,9.043478260869565,94,1364,-0.6,0.07142857142857142,0.011623607,0.0,0
jhnGb4zJVJI,17,1,0,130.0,23,0.7391304347826086,86,300,0.30714285714285716,0.2,0.0,0.0,0
bABnQceCuQA,63949,5219,107,62.0,23,2780.391304347826,69,0,0.4,0.0,0.012409232344827586,0.0,1
fz2XTSFaWck,28,2,0,1158.0,23,1.2173913043478262,75,0,0.0,0.0,0.0,0.0,0
3qaDyps9iu0,2,0,0,374.0,23,0.08695652173913043,59,407,0.0,0.0,0.0,0.0,0
7t3vIwP-UKY,451,64,19,1337.0,23,19.608695652173914,52,778,0.0,-0.75,0.03316517906470588,0.0,0
Y4OkwNHfsxM,78,3,0,23.0,23,3.391304347826087,99,0,0.0,0.0,0.0,0.0,0
3jdSAA7YOFE,441,27,7,337.0,23,19.17391304347826,76,1261,0.0,0.33999999999999997,0.01711964425,0.0,0
T1sdBk9MduI,2582,147,2,174.0,23,112.26086956521739,56,0,0.0,0.0,0.013885498,0.0,0
iUp3nYlhjCM,951,41,0,61.0,23,41.34782608695652,99,360,0.0,0.0,0.0,0.0,0
soGc8_147Nw,236,0,0,146.0,23,10.26086956521739,96,1079,0.0,-0.0034632034632034662,0.0,0.0,0
NAtbDG9xJxY,528,7,3,423.0,23,22.956521739130434,100,4125,0.16666666666666666,0.12976190476190477,0.0092517628,0.0,0
2lexSEuRrtU,49,0,0,38.0,24,2.0416666666666665,90,733,0.0,0.12916666666666665,0.0,0.0,0
Yi7UdZq9pL0,16378,361,3,41660.0,24,682.4166666666666,89,3035,0.35,0.1846938775510204,0.028744567,0.0,0
cC9lUpXZPt0,303,11,1,279.0,24,12.625,70,996,-0.15,0.07042190613619186,0.007099825,0.0,0
aYNZucrcNrU,6169,216,0,31.0,24,257.0416666666667,52,995,0.4,0.16166666666666668,0.0,0.0,0
eRbyAM4HwYQ,469,0,0,150.0,24,19.541666666666668,100,957,0.0,0.21626984126984128,0.0,0.0,0
ybhnBFvYryQ,17569,520,31,41636.0,24,732.0416666666666,80,3447,0.375,0.13595238095238094,0.0411075816875,0.0,0
UvkzWIhUlR4,47,1,0,500.0,24,1.9583333333333333,89,1304,0.0,0.37619047619047624,0.0,0.0,0
RkG3AJXLoic,95,3,0,1510.0,24,3.9583333333333335,96,2249,0.0,0.1405797101449275,0.0,0.0,0
DNBaUCCST3I,64725,2040,106,665.0,24,2696.875,23,1520,0.0,0.16161616161616163,0.0506486536,0.0,1
cYdxJSy8Rp0,912,28,0,68.0,24,38.0,79,1877,0.0,0.13174603174603175,0.0,0.0,0
QDMPBGqb1Rg,481,9,8,1426.0,24,20.041666666666668,87,172,0.0,0.175,0.03175480375,0.0,0
JxEHQUnkalU,874,7,0,80.0,24,36.416666666666664,94,98,0.0,0.0,0.0,0.0,0
szyU0cFdmt4,429,2,0,166.0,24,17.875,90,175,0.0,0.13333333333333333,0.0,0.0,0
OYUPD7MWin4,1562,59,0,480.0,24,65.08333333333333,80,2809,0.6,0.3042404565131839,0.0,0.0,0
tLZOoG9w-zs,53,0,0,28.0,24,2.2083333333333335,96,846,0.0,0.2333333333333333,0.0,0.0,0
SPMNS3oTyh0,477,4,0,42.0,24,19.875,88,0,0.0,0.0,0.0,0.0,0
FTROTyMD3aY,126,2,0,48.0,24,5.25,63,384,-0.1,0.057142857142857155,0.0,0.0,0
VqFqjrHT26I,68,0,1,65.0,24,2.8333333333333335,61,486,0.0,0.0,0.0076652975,0.0,0
_6jrDEvaPcg,18,2,0,473.0,24,0.75,46,239,0.0,0.25,0.0,0.0,0
Q6tPEWE8N0c,105,0,0,27.0,24,4.375,41,354,0.0,-0.3,0.0,0.0,0
XAQZOcDJtu8,2,0,0,200.0,24,0.08333333333333333,70,0,0.0,0.0,0.0,0.0,0
iZFuv7Fa1hs,2,0,0,574.0,24,0.08333333333333333,61,1441,0.0,0.3836734693877551,0.0,0.0,0
5f4Rp0fH160,76,2,0,14.0,25,3.04,67,0,0.4375,0.0,0.0,0.0,0
m9693ST07QI,4,2,2,427.0,25,0.16,35,720,0.0,0.37666666666666665,0.11336674,0.0,0
KNZP3FuLLfM,80,0,0,50.0,25,3.2,96,744,-0.5,-0.05416666666666666,0.0,0.0,0
H5UcGeIE6VA,271,9,0,15.0,25,10.84,48,0,0.0,0.0,0.0,0.0,0
P5nNV1eo7Uk,108,1,0,110.0,25,4.32,96,0,0.0,0.0,0.0,0.0,0
Q442B3iwwPU,138,5,0,1366.0,25,5.52,84,3930,0.35,0.14879261363636362,0.0,0.0,0
0tu9qGSCHIo,58,7,0,552.0,25,2.32,83,2536,0.0,0.02094276094276096,0.0,0.0,0
4r0kOQkfaiA,3,1,1,178.0,25,0.12,94,0,0.0,0.0,0.007885204,0.0,0
JN6Y5id87ak,26,8,0,220.0,25,1.04,41,878,0.0,0.2122448979591837,0.0,0.0,0
EHbeN5ymkRs,11684,523,6,15.0,25,467.36,94,541,0.4,0.4875,0.050307929333333334,0.0,0
IT-EhDOJl_w,3149,62,10,573.0,26,121.11538461538461,80,807,0.0,0.0,0.01409465532,0.0,0
ml4yG_QOTmc,308,8,4,30.0,29,10.620689655172415,97,775,0.0,0.0,0.041271275999999996,0.0,0
